{"T": 0.7808764940239044, "h": 0.9870041039671683, "e": 0.9884169884169884, "t": 0.994452849218356, "i": 0.9122983870967742, "m": 0.9832935560859188, ",": 0.6650485436893204, "a": 0.9886634844868735, "n": 0.9839298758217677, "d": 0.9890260631001372, "s": 0.9820305480682839, "w": 0.9850107066381156, "A": 0.9846153846153847, "y": 0.9930555555555556, "F": 0.9426229508196722, "r": 0.980327868852459, "o": 0.9818308874912649, "p": 0.9813829787234043, "c": 0.9767441860465116, "l": 0.798941798941799, "u": 0.9588138385502472, "U": 0.972972972972973, "S": 0.9848484848484849, "R": 0.9850746268656716, ":": 0.9251870324189526, "L": 0.847682119205298, ">": 0.8823529411764706, "k": 0.9940476190476191, "2": 0.9897959183673469, "3": 1.0, "f": 0.9849397590361446, "G": 0.98, "6": 0.9622641509433962, "4": 0.9454545454545454, "v": 0.9441624365482234, "g": 0.9931506849315068, "!": 0.8666666666666667, ".": 0.47761194029850745, "?": 0.918918918918919, "D": 0.9393939393939394, "C": 0.945054945054945, "E": 0.9605263157894737, "N": 0.9680851063829787, "I": 0.7814569536423841, "*": 0.8571428571428571, "O": 0.9076923076923077, "B": 0.9733333333333334, "b": 0.9911504424778761, "1": 0.9289099526066351, "0": 0.9411764705882353, "%": 1.0, "\"": 0.6842105263157895, "H": 0.9452054794520548, "P": 0.9714285714285714, ")": 0.9473684210526315, "9": 0.9819819819819819, "M": 0.968944099378882, "z": 0.9, "(": 0.8977272727272727, "K": 0.9629629629629629, "'": 0.49074074074074076, "V": 0.9523809523809523, "X": 0.8571428571428571, "/": 0.6666666666666666, "j": 1.0, "Y": 0.926829268292683, "8": 0.9696969696969697, "5": 0.9387755102040817, "-": 0.4838709677419355, "Q": 1.0, "W": 1.0, "]": 1.0, "@": 1.0, "7": 0.8636363636363636, "x": 0.9, ";": 0.75, "J": 0.8979591836734694, "<": 1.0, "+": 0.6666666666666666, "q": 1.0, "&": 1.0, "^": 1.0, "[": 1.0, "$": 1.0, "Z": 1.0, "~": 1.0, "#": 0.5, "}": 1.0}